Top pages,Clicks,Impressions,CTR,Position
https://megicode.com/,34,164,20.73%,1.85
https://megicode.com/projects,0,131,0%,3.37
https://www.megicode.com/about,0,103,0%,4.91
https://megicode.com/services,0,97,0%,2.97
https://www.megicode.com/services/mobile-app-solutions,0,72,0%,2.5
https://www.megicode.com/services/ai-machine-learning,0,53,0%,4.96
https://www.megicode.com/careers,0,40,0%,4.97
https://www.megicode.com/reviews,0,16,0%,3.19
https://megicode.com/services/custom-web-development,0,13,0%,4.23
https://megicode.com/privacy-policy,0,10,0%,4.7
https://www.megicode.com/services/ui-ux-product-design,0,8,0%,3.88
https://megicode.com/about,0,7,0%,2.29
https://www.megicode.com/privacy-policy,0,5,0%,7
https://www.megicode.com/services/automation-integration,0,5,0%,7.8
https://megicode.com/services/cloud-devops-services,0,5,0%,9
https://megicode.com/services/automation-integration,0,4,0%,4.5
https://megicode.com/services/data-analytics-bi,0,3,0%,6
https://www.megicode.com/services/data-analytics-bi,0,3,0%,8.33
https://www.megicode.com/services/it-consulting-support,0,3,0%,9
https://megicode.com/reviews,0,2,0%,5
https://megicode.com/careers,0,1,0%,2
https://megicode.com/services/ai-machine-learning,0,1,0%,9
https://megicode.com/services/ui-ux-product-design,0,1,0%,13